{"cameraMode":{"drawMode":0,"name":"Shaded","section":"Shading Mode"},"sceneLighting":false,"audioPlay":false,"sceneViewState":{"showFog":true,"showMaterialUpdate":false,"showSkybox":true,"showFlares":true,"showImageEffects":true,"showParticleSystems":true},"in2DMode":false,"pivot":{"x":237.37481689453126,"y":21.32815170288086,"z":295.0016174316406},"rotation":{"x":0.10140065103769303,"y":-0.15388508141040803,"z":0.01587812975049019,"w":0.9827437400817871},"size":2.246858596801758,"orthographic":false}