{"cameraMode":{"drawMode":0,"name":"Shaded","section":"Shading Mode"},"sceneLighting":true,"audioPlay":false,"sceneViewState":{"showFog":true,"showMaterialUpdate":false,"showSkybox":true,"showFlares":true,"showImageEffects":true,"showParticleSystems":true},"in2DMode":false,"pivot":{"x":243.04383850097657,"y":20.656164169311525,"z":292.78680419921877},"rotation":{"x":-0.08905721455812454,"y":0.36409029364585879,"z":-0.03499741479754448,"w":-0.9264352917671204},"size":4.90101957321167,"orthographic":false}